id	conversation_id	created_at	date	time	timezone	user_id	username	name	place	tweet	language	mentions	urls	photos	replies_count	retweets_count	likes_count	hashtags	cashtags	link	retweet	quote_url	video	thumbnail	near	geo	source	user_rt_id	user_rt	retweet_id	reply_to	retweet_date	translate	trans_src	trans_dest
1411014165850820608	1411014165850820608	2021-07-02 12:29:27 CDT	2021-07-02	12:29:27	-0500	3303847771	mp_rekha	Rekha Verma		Just setting up my bitclout account ğŸ’    https://t.co/05XN140NhV  Crypto ğŸ™ŒğŸ»	en	[]	['http://Bitclout.com/u/RekhaVerma']	[]	0	3	20	[]	[]	https://twitter.com/mp_rekha/status/1411014165850820608	False		0								[]				
1410659082197897216	1410659082197897216	2021-07-01 12:58:28 CDT	2021-07-01	12:58:28	-0500	5943622	pmarca	Marc Andreessen		Just setting up my bitclout ğŸ’ğŸ™Œ   https://t.co/7McZFxbiT1	en	[]	['https://bitclout.com/u/pmarca?public_key=BC1YLh2v4fseevSrSvXkv4FnwTS4ooT5J5un6Ly1Ju5Vp51XoYdwMoZ']	[]	47	46	375	[]	[]	https://twitter.com/pmarca/status/1410659082197897216	False		0								[]				
1409400015055855616	1409400015055855616	2021-06-28 01:35:23 CDT	2021-06-28	01:35:23	-0500	3740778132	haileylennonbtc	Hailey Lennon		Just not setting up my bitclout ğŸ’ğŸ™Œ	en	[]	[]	[]	9	2	31	[]	[]	https://twitter.com/HaileyLennonBTC/status/1409400015055855616	False	https://twitter.com/_prestwich/status/1409263810859335680	0								[]				
1408651721270730759	1408651721270730759	2021-06-26 00:01:56 CDT	2021-06-26	00:01:56	-0500	285282053	gwynethpaltrow	Gwyneth Paltrow		Just setting up my bitclout ğŸ’ğŸ™Œ   https://t.co/QUtHd6VX9C	en	[]	['https://bitclout.com/u/gwynethpaltrow?public_key=BC1YLgW94GBwQte3GMUgfDbiR1YYrY1UexAcvqdQwerMJf1kp26X2X4']	[]	114	46	405	[]	[]	https://twitter.com/GwynethPaltrow/status/1408651721270730759	False		0								[]				
1407026671924891652	1407026671924891652	2021-06-21 12:24:34 CDT	2021-06-21	12:24:34	-0500	1158701339699896322	ravindrajat_	Ravindra Choudhary		Just setting up my BitClout ğŸ’ğŸ™ŒğŸ»   https://t.co/hpK4lwc8eX  BC1YLgRoPTDiw23u3289fqWx81qfZfaSwxg5ErJiUaLTAZc5vnodMJi	und	[]	['http://bitclout.com/u/ravindrajat_']	[]	1	2	22	[]	[]	https://twitter.com/ravindrajat_/status/1407026671924891652	False		0								[]				
1404878071937875974	1404878071937875974	2021-06-15 14:06:48 CDT	2021-06-15	14:06:48	-0500	676573	tobi	Tobi Lutke		Just setting up my bitclout ğŸ’ğŸ™Œ   https://t.co/qBJ7bfeGS6	en	[]	['https://bitclout.com/u/tobi?public_key=BC1YLgnQLmZbeL827bkdvpP9npWpXWA27JQsn2SP72XxkhUu7dUDHQZ']	[]	17	11	166	[]	[]	https://twitter.com/tobi/status/1404878071937875974	False		0								[]				
1404857002581368832	1404857002581368832	2021-06-15 12:43:05 CDT	2021-06-15	12:43:05	-0500	6547	vikingkarwur	Viking KARWUR ğŸ¦âŸ		Just setting up my BitClout #bitclout  https://t.co/sxzUYkv92I BC1YLhp4JLGSBiuEUaY85cegEmqLhnsUTtjYuoVW16LL2VNA1cy7nTf	fi	[]	['https://bitclout.com/u/vikingkarwur']	[]	0	0	5	['bitclout']	[]	https://twitter.com/vikingkarwur/status/1404857002581368832	False		0								[]				
1404599265922478085	1404599265922478085	2021-06-14 19:38:55 CDT	2021-06-14	19:38:55	-0500	14379660	brian_armstrong	Brian Armstrong		Just setting up my bitclout ğŸ’ğŸ™Œ   https://t.co/0BmvSJT90O	en	[]	['https://bitclout.com/u/brian_armstrong?public_key=BC1YLiFNg6APjef2k3vv5KkYqKPLggMtzEh9vkPYZDDcBQr9ryNFbAR']	[]	577	145	1088	[]	[]	https://twitter.com/brian_armstrong/status/1404599265922478085	False		0								[]				
1402340244393975813	1402340244393975813	2021-06-08 14:02:23 CDT	2021-06-08	14:02:23	-0500	847882255540342784	aridavidpaul	Ari Paul â›“ï¸		Just setting up my bitclout ğŸ’ğŸ™Œ  (I'm deeply critical of the misleading marketing around many aspects of bitclout.  This tweet is not me condoning or recommending it.)   https://t.co/BZ7qTAGl6b	en	[]	['https://bitclout.com/u/aridavidpaul?public_key=BC1YLhBLFwyLTwzWVXyR3AzhVApMBES8bx1nfW4nQ861WiJrMEZGEnH']	[]	13	5	46	[]	[]	https://twitter.com/AriDavidPaul/status/1402340244393975813	False		0								[]				
1402324358211665924	1402324358211665924	2021-06-08 12:59:15 CDT	2021-06-08	12:59:15	-0500	19619556	ntnsndr	Nathan Schneider		Just setting up my bitclout ğŸ’ğŸ™Œ   https://t.co/2HwYHE2uM7	en	[]	['https://bitclout.com/u/ntnsndr?public_key=BC1YLfuBk42QH2fPPdbRGEftWPFnRhPqS3VLUt41F9hgmZB84vbgc6R']	[]	3	0	4	[]	[]	https://twitter.com/ntnsndr/status/1402324358211665924	False		0								[]				
1398260187908222977	1398260187908222977	2021-05-28 07:49:41 CDT	2021-05-28	07:49:41	-0500	4828981	joonian	Wong Joon Ian		Just setting up my bitclout ğŸ’ğŸ™Œ   https://t.co/FNVJDPF3nJ	en	[]	['https://bitclout.com/u/joonian?public_key=BC1YLjXhcvdsZcr9jB26iQNoYfmASJCCuASjGXR1Lp7sp9Yw2gzMfpN']	[]	0	0	6	[]	[]	https://twitter.com/joonian/status/1398260187908222977	False		0								[]				
1395039295874863105	1395039046137638914	2021-05-19 10:31:01 CDT	2021-05-19	10:31:01	-0500	1186	chrismessina	Chris Messina		@Jason Just setting up my bitclout	en	[]	[]	[]	2	0	21	[]	[]	https://twitter.com/chrismessina/status/1395039295874863105	False		0								[{'screen_name': 'Jason', 'name': 'jason@calacanis.com', 'id': '3840'}]				
1394873759673118723	1394873759673118723	2021-05-18 23:33:14 CDT	2021-05-18	23:33:14	-0500	1979921	joshelman	Josh Elman		Just setting up my bitclout ğŸ’ğŸ™Œ   https://t.co/gffQ0oSqpy  #bitclout	en	[]	['https://bitclout.com/u/joshelman?public_key=BC1YLhhsNt2rAHVjqR9jorJhxN1YStCiLofm5jYeeDVnhARee3rmA2N']	[]	11	4	48	['bitclout']	[]	https://twitter.com/joshelman/status/1394873759673118723	False		0								[]				
1394789719167225859	1394789719167225859	2021-05-18 17:59:17 CDT	2021-05-18	17:59:17	-0500	1137701	davidsacks	David Sacks		Just setting up my bitclout ğŸ’ğŸ™Œ   https://t.co/TDyreDLppC	en	[]	['https://bitclout.com/u/davidsacks?public_key=BC1YLj313AxbZUCS26rRNq1G69Zru7jTMw8HjEqcuxTGdpX3X6fNT3V']	[]	31	9	175	[]	[]	https://twitter.com/DavidSacks/status/1394789719167225859	False		0								[]				
1394715086237814786	1394715086237814786	2021-05-18 13:02:43 CDT	2021-05-18	13:02:43	-0500	2178012643	balajis	balajis.com		Just setting up my bitclout ğŸ’ğŸ™Œ   https://t.co/GlwgNegKaT	en	[]	['https://bitclout.com/u/balajis?public_key=BC1YLiU9Wpk8c7pVx7GCu8fae6AQhdUrGYcWc1Wz9V56HbCi7RPr887']	[]	106	74	719	[]	[]	https://twitter.com/balajis/status/1394715086237814786	False		0								[]				
1392926206358556672	1392926206358556672	2021-05-13 14:34:21 CDT	2021-05-13	14:34:21	-0500	3320958415	sufiyanmalik_	Sufiyan Malik		Just setting up my #bitclout ğŸ’ğŸ™Œ @bitclout_   https://t.co/yCTlNmAQwy  BC1YLfoHcNhdK6VxEKCMp1CZxi7KWtDG9gPS8eyVoG4DZAztNpypYWa	fi	[{'screen_name': 'bitclout_', 'name': 'bitclout ($clout)', 'id': '1372293795442663425'}]	['http://bitclout.com/u/sufiyanmalik']	[]	2	0	6	['bitclout']	[]	https://twitter.com/sufiyanmalik_/status/1392926206358556672	False		0								[]				
1389280286148419588	1389280286148419588	2021-05-03 13:06:46 CDT	2021-05-03	13:06:46	-0500	2811769316	motdraw1	Tom Ward		Just setting up my #bitclout Great platform where you invest in your favorite creators!   If you think I've got a good future ahead of me, invest in my coin:)   https://t.co/nt4cVJ9Za7â€¦â€¦â€¦  BC1YLjJKiVRPEVX9EEbjY8rcFKEZ3LhqhnrHqXTVrcy2CArNRmMynnr  @bitclout_  https://t.co/X2nk8u7Y4j	en	[{'screen_name': 'bitclout_', 'name': 'bitclout ($clout)', 'id': '1372293795442663425'}]	['http://bitclout.com/u/tomward?publ']	['https://pbs.twimg.com/media/E0e3DqIUcAQFMJf.jpg']	2	1	6	['bitclout']	[]	https://twitter.com/motdraw1/status/1389280286148419588	False		1	https://pbs.twimg.com/media/E0e3DqIUcAQFMJf.jpg							[]				
1385455980603797509	1385455980603797509	2021-04-22 23:50:20 CDT	2021-04-22	23:50:20	-0500	67463446	nickhogan4real	Nick Hogan		Just setting up my bitclout!Â ğŸ’ğŸ‘ğŸ½   https://t.co/QmSyeK03Eg  BC1YLh1iYXAbWbAnPs2eHXX89iieZiCE5P1pczUKvu9YHSWXQtutiwL	fi	[]	['http://bitclout.com/u/nickhogan']	[]	1	2	9	[]	[]	https://twitter.com/nickhogan4real/status/1385455980603797509	False		0								[]				
1384261580951490572	1384261580951490572	2021-04-19 16:44:13 CDT	2021-04-19	16:44:13	-0500	1190051	roelofbotha	Roelof Botha		Just setting up my bitclout ğŸ’ğŸ™Œ   https://t.co/mYfhZoBabx #bitclout	en	[]	['https://bitclout.com/u/roelofbotha?public_key=BC1YLg9nboHrJqXa2xVJ3GAEPfqo3THGwoXGxve1XRXBhFFqJ7gn7A5']	[]	4	3	48	['bitclout']	[]	https://twitter.com/roelofbotha/status/1384261580951490572	False		0								[]				
1383966722915401748	1383966722915401748	2021-04-18 21:12:34 CDT	2021-04-18	21:12:34	-0500	1272537080	z3yan	Zeyan Shafiq		Just setting up my #bitclout ğŸ’ğŸ™Œ @bitclout_   https://t.co/xeyRgMIfRe  BC1YLhAfNKVV5ztE1EgEBV9Eh7dmq1vZkn83RSF3W4VDM2nFDAwvs9E	fi	[{'screen_name': 'bitclout_', 'name': 'bitclout ($clout)', 'id': '1372293795442663425'}]	['http://BitClout.com/u/zeyan']	[]	2	0	1	['bitclout']	[]	https://twitter.com/z3yan/status/1383966722915401748	False		0								[]				
1383711473101201418	1383711473101201418	2021-04-18 04:18:17 CDT	2021-04-18	04:18:17	-0500	175161093	rebeccagrants	Rebecca Grant		Just setting up my #bitclout ğŸ’ğŸ™Œ @bitclout_   https://t.co/nDuyMkTBgq  BC1YLhHmCK3FLppkDTB3BpYzNSaNL31Se4d8Ety8KKMjrxwamVw9cf7  Note: I've set my founderâ€™s reward at 2%. Bitclout already has lots of fake accounts, but only one verified of me.  #RebeccaGrantOfficial	en	[{'screen_name': 'bitclout_', 'name': 'bitclout ($clout)', 'id': '1372293795442663425'}]	['http://BitClout.com/u/RebeccaGrantOfficial']	[]	5	4	24	['bitclout', 'rebeccagrantofficial']	[]	https://twitter.com/rebeccagrants/status/1383711473101201418	False		0								[]				
1382758780471967745	1382758780471967745	2021-04-15 13:12:38 CDT	2021-04-15	13:12:38	-0500	156337587	luisanavia	ALÎJANDRO ğŸ„		Just setting up my #bitclout ğŸ’ğŸ™Œ @bitclout_   https://t.co/bDr2okuSIo  BC1YLjP1kDiubB6FCfeyYdqyfPH6r3H5ZYiRcj6YQbFGSgCMDyoKphL	fi	[{'screen_name': 'bitclout_', 'name': 'bitclout ($clout)', 'id': '1372293795442663425'}]	['http://BitClout.com/u/Navia_']	[]	0	0	1	['bitclout']	[]	https://twitter.com/LuisANavia/status/1382758780471967745	False		0								[]				
1382387987070210052	1382387987070210052	2021-04-14 12:39:14 CDT	2021-04-14	12:39:14	-0500	294279563	sebasarango	Sebastian Arango		Just setting up my #bitclout ğŸ’ğŸ™Œ @bitclout_   https://t.co/i9iVDzzwAn  BC1YLgswTo1pEcK1yxDCaSEg28GXLUGKA93ByMvQ89z69Fzj8KPu84H	in	[{'screen_name': 'bitclout_', 'name': 'bitclout ($clout)', 'id': '1372293795442663425'}]	['http://BitClout.com/u/SebasArango']	[]	6	6	90	['bitclout']	[]	https://twitter.com/SebasArango/status/1382387987070210052	False		0								[]				
1382204630990524417	1382204630990524417	2021-04-14 00:30:38 CDT	2021-04-14	00:30:38	-0500	8115852	charlestrippy	Charles Trippy		Just setting up my #bitclout ğŸ’ğŸ™Œ @bitclout_   https://t.co/1f1V7AjUbv  BC1YLjBVHYDxzCvLsaTkQji5GUEH513xAYvucUUMTAMXmGR658XaoK5	en	[{'screen_name': 'bitclout_', 'name': 'bitclout ($clout)', 'id': '1372293795442663425'}]	['http://BitClout.com/u/CharlesTrippy']	[]	4	3	21	['bitclout']	[]	https://twitter.com/CharlesTrippy/status/1382204630990524417	False		0								[]				
1381767010477092864	1381767010477092864	2021-04-12 19:31:41 CDT	2021-04-12	19:31:41	-0500	969434709448065024	gattuso_music	GATTÃœSO		Just setting up my #bitclout Public key: BC1YLi82VEQ7bkZuaC3EHFMz7AF59MVUASF4LoRTsTEgcmCxnCtX8eC	fi	[]	[]	[]	1	1	4	['bitclout']	[]	https://twitter.com/GATTUSO_MUSIC/status/1381767010477092864	False		0								[]				
1381725443028623361	1381725443028623361	2021-04-12 16:46:31 CDT	2021-04-12	16:46:31	-0500	98990456	pixelord	PIXELORD		Just setting up my #bitclout ğŸ’ğŸ™Œ @bitclout_   https://t.co/VfBNXfCtjk  BC1YLjNuPVije8sLDZnQaf19mX1wNjN3v8EX1btJ7P4NCVTmnRfj3tu	fi	[{'screen_name': 'bitclout_', 'name': 'bitclout ($clout)', 'id': '1372293795442663425'}]	['http://BitClout.com/u/pixelord']	[]	2	0	8	['bitclout']	[]	https://twitter.com/pixelord/status/1381725443028623361	False		0								[]				
1381705613219037187	1381705613219037187	2021-04-12 15:27:43 CDT	2021-04-12	15:27:43	-0500	14722311	shaycarl	shaycarl â›·		Just setting up my #bitclout ğŸ’ğŸ™Œ @bitclout_   https://t.co/x81MnGrE8H  BC1YLjFKS4LvduzsL1D7m2qPNTrjgCg2y4DrX9oSrcQ7MuaM1M5kA6X	et	[{'screen_name': 'bitclout_', 'name': 'bitclout ($clout)', 'id': '1372293795442663425'}]	['http://BitClout.com/u/shaycarl']	[]	1	3	28	['bitclout']	[]	https://twitter.com/shaycarl/status/1381705613219037187	False		0								[]				
1381548466279702528	1381548466279702528	2021-04-12 05:03:16 CDT	2021-04-12	05:03:16	-0500	307587736	jakepaulson	Jake Paulson		Just setting up my #bitclout ğŸ’ğŸ™Œ @bitclout_   https://t.co/t2P2byWi19  BC1YLjEdxpHu9YvKDR1BYMVcwMg6kM7w9DRzbir7pGUDzSUwJNCYexD	fi	[{'screen_name': 'bitclout_', 'name': 'bitclout ($clout)', 'id': '1372293795442663425'}]	['http://BitClout.com/u/JakePaulson']	[]	2	0	3	['bitclout']	[]	https://twitter.com/JakePaulson/status/1381548466279702528	False		0								[]				
1381445058658983937	1381445058658983937	2021-04-11 22:12:22 CDT	2021-04-11	22:12:22	-0500	727916271543660545	derrickmtv	Derrick Kosinski		Just setting up my BitClout at:   https://t.co/SpfHEFkHU0! @CryptoJames1 is the Best Human! - Show me some love over there!  #BitClout ğŸ¤˜	en	[{'screen_name': 'cryptojames1', 'name': 'cryptojames', 'id': '1060281175674159112'}]	['http://bitclout.com/u/DerrickMTV']	[]	3	3	10	['bitclout']	[]	https://twitter.com/DerrickMTV/status/1381445058658983937	False		0								[]				
1380914553978908675	1380914553978908675	2021-04-10 11:04:20 CDT	2021-04-10	11:04:20	-0500	19578049	chad_dexter	Chad Dexter		Just setting up my #bitclout ğŸ’ğŸ™Œ @bitclout_   https://t.co/vKdlyvBmlt  BC1YLj9zLp7Z13jmqvAWCZD8NBjPTnQWRhd6k7Y2vMbwn5CkXV7afLM	fi	[{'screen_name': 'bitclout_', 'name': 'bitclout ($clout)', 'id': '1372293795442663425'}]	['http://BitClout.com/u/Chad_Dexter']	[]	0	1	7	['bitclout']	[]	https://twitter.com/chad_dexter/status/1380914553978908675	False		0								[]				
1380729041473335298	1380729041473335298	2021-04-09 22:47:10 CDT	2021-04-09	22:47:10	-0500	358545917	cernovich	Cernovich		Just setting up my bitclout ğŸ’ğŸ™Œ   https://t.co/yYFLNTWtC3	en	[]	['https://bitclout.com/u/cernovich?public_key=BC1YLj1rkhMh2jkwPk3bQ3it43fgJtZK7X3rUPNim22Po8euihYqu9G']	[]	8	8	77	[]	[]	https://twitter.com/Cernovich/status/1380729041473335298	False		0								[]				
1380694188153397250	1380694188153397250	2021-04-09 20:28:41 CDT	2021-04-09	20:28:41	-0500	15658327	kinseyschofield	KINSEY SCHOFIELD		Just setting up my #bitclout ğŸ’ğŸ™Œ @bitclout_   https://t.co/dmxZKvIxbn  BC1YLhmxwBwo75AgQFbgyKBaA4m7MvnxrLoi5Q9jkqwZHqMUNsp1ez7	et	[{'screen_name': 'bitclout_', 'name': 'bitclout ($clout)', 'id': '1372293795442663425'}]	['http://BitClout.com/u/kinseyschofield']	[]	4	0	9	['bitclout']	[]	https://twitter.com/kinseyschofield/status/1380694188153397250	False		0								[]				
1380675557063548932	1380675557063548932	2021-04-09 19:14:39 CDT	2021-04-09	19:14:39	-0500	63514682	david_leavitt	David Leavitt		Just setting up my bitclout ğŸ’ğŸ™Œ   https://t.co/Xzrm3lp9Gl	en	[]	['https://bitclout.com/u/david_leavitt?public_key=BC1YLjYwmM3JJKmX6L7bm1YAYTVfMxxNJz6gpbERwLbqgb4v9E3yQVZ']	[]	4	3	24	[]	[]	https://twitter.com/David_Leavitt/status/1380675557063548932	False		0								[]				
1380575820092207109	1380575820092207109	2021-04-09 12:38:20 CDT	2021-04-09	12:38:20	-0500	35621268	missaktweet	Missak		Just setting up my #bitclout ğŸ’ğŸ™Œ @bitclout_   https://t.co/f7rTBik3al  BC1YLg3cXy5KG9Xt6egS8bqQbs4banDsTSwG4AwNYXBf1oAiRnnt1Yi	en	[{'screen_name': 'bitclout_', 'name': 'bitclout ($clout)', 'id': '1372293795442663425'}]	['http://BitClout.com/u/missak']	[]	1	1	4	['bitclout']	[]	https://twitter.com/MissakTweet/status/1380575820092207109	False		0								[]				
1380549639733059585	1380549639733059585	2021-04-09 10:54:18 CDT	2021-04-09	10:54:18	-0500	2853461537	scottadamssays	Scott Adams		Just setting up my bitclout ğŸ’ğŸ™Œ   https://t.co/cdhNIGbwEY	en	[]	['https://bitclout.com/u/scottadamssays?public_key=BC1YLjUE8X5riacXeEF3df5tk5S4hrxDn5jrz6Evz5VnWgASgggD6us']	[]	24	16	121	[]	[]	https://twitter.com/ScottAdamsSays/status/1380549639733059585	False		0								[]				
1380413363554021376	1380413363554021376	2021-04-09 01:52:47 CDT	2021-04-09	01:52:47	-0500	125083073	bitfalls	Bruno Skvorc		Just setting up my bitclout ğŸ’ğŸ™Œ   https://t.co/KdwJapXW9n	en	[]	['https://bitclout.com/u/bitfalls?public_key=BC1YLiKiZMkxaFEg47s6R6AJc5Mmyuyt1vQshMGurYubecvtHHZjkpM']	[]	0	0	1	[]	[]	https://twitter.com/bitfalls/status/1380413363554021376	False		0								[]				
1380212524801478657	1380212524801478657	2021-04-08 12:34:43 CDT	2021-04-08	12:34:43	-0500	1577241403	levelsio	Øœ		Just setting up my bitclout ğŸ’ğŸ™Œ   https://t.co/arHIRLBxh3	en	[]	['https://bitclout.com/u/levelsio?public_key=BC1YLgGvTsbs3Gxbvr6tcQGDDD4sEvdx14wtbBeURXfQxi7nTbREj2q']	[]	16	2	64	[]	[]	https://twitter.com/levelsio/status/1380212524801478657	False		0								[]				
1380205689176383488	1380205689176383488	2021-04-08 12:07:33 CDT	2021-04-08	12:07:33	-0500	271964834	calvynjustus	Calvyn Justus		Just setting up my #bitclout ğŸ’ğŸ™Œ    https://t.co/1eZRLYzMXc  BC1YLhBwDBwvmAHRxowKEJPJFYaovNAjBp9UNJEJceZeTvHAsnhAL43	cs	[]	['https://bitclout.com/u/calvynjustus?public_key=BC1YLhBwDBwvmAHRxowKEJPJFYaovNAjBp9UNJEJceZeTvHAsnhAL43']	[]	2	0	2	['bitclout']	[]	https://twitter.com/CalvynJustus/status/1380205689176383488	False		0								[]				
1380203283935944709	1380203283935944709	2021-04-08 11:58:00 CDT	2021-04-08	11:58:00	-0500	2325706010	onemorepeter	Peter Smith		Just setting up my bitclout ğŸ’ğŸ™Œ   https://t.co/9MqasvCRhZ	en	[]	['https://bitclout.com/u/onemorepeter?public_key=BC1YLgyEmAKX7996gKQHc437vKMDAPr7w9NuCRfr82zkQmyLUzLLG7p']	[]	6	1	19	[]	[]	https://twitter.com/OneMorePeter/status/1380203283935944709	False		0								[]				
1379838095252615168	1379838095252615168	2021-04-07 11:46:52 CDT	2021-04-07	11:46:52	-0500	15951407	gregreid	Dr. Greg Reid		Just setting up my #bitclout ğŸ’ğŸ™Œ @bitclout_   https://t.co/zc0uDVMQtB  BC1YLgNFFXcJ2BwrZmPCMfxLVThguDAFJcMWz4htzWC4NrHuJ8ah6LS	fi	[{'screen_name': 'bitclout_', 'name': 'bitclout ($clout)', 'id': '1372293795442663425'}]	['http://BitClout.com/u/gregreid']	[]	0	0	2	['bitclout']	[]	https://twitter.com/GregReid/status/1379838095252615168	False		0								[]				
1379829891466661890	1379829891466661890	2021-04-07 11:14:16 CDT	2021-04-07	11:14:16	-0500	112703470	shivmalik	Shiv Malik		Just setting up my bitclout ğŸ’ğŸ™Œ   https://t.co/LKfEr1GO1H	en	[]	['https://bitclout.com/u/shivmalik?public_key=BC1YLhsWX5AtervT7gpQU4fFFRGtgK19p2GPT95rrWHzpaa9yiT37aa']	[]	2	0	8	[]	[]	https://twitter.com/shivmalik/status/1379829891466661890	False		0								[]				
1379821987070156800	1379821987070156800	2021-04-07 10:42:52 CDT	2021-04-07	10:42:52	-0500	92020072	ryanbabel	Ryan Babel		Just setting up my bitclout â˜‚ï¸ @bitclout_   https://t.co/YgdHC9BfYC  #Bitclout	en	[{'screen_name': 'bitclout_', 'name': 'bitclout ($clout)', 'id': '1372293795442663425'}]	['https://bitclout.com/u/ryanbabel?public_key=BC1YLixo7gyrxQ5WA4FsmPBayR6vQ4i66V7Tjo6SZehJgvKRsijVfm4']	[]	15	13	139	['bitclout']	[]	https://twitter.com/Ryanbabel/status/1379821987070156800	False		0								[]				
1379703021983178754	1379703021983178754	2021-04-07 02:50:08 CDT	2021-04-07	02:50:08	-0500	19651231	sytaylor	Simon Taylor		Just setting up my bitclout ğŸ’ğŸ™Œ   https://t.co/30hrDB79D9	en	[]	['https://bitclout.com/u/sytaylor?public_key=BC1YLhfEheB73AfFMW36S1uTAjKcd3AAqcm7e6nh512EjRFipTFee5E']	[]	6	1	8	[]	[]	https://twitter.com/sytaylor/status/1379703021983178754	False		0								[]				
1379513316750487552	1379513316750487552	2021-04-06 14:16:19 CDT	2021-04-06	14:16:19	-0500	22160505	missbeaudunn	Beau Dunn		Just setting up my #bitclout ğŸ’ğŸ™Œ @bitclout_   https://t.co/vfzYGPOsgH  BC1YLhcjS8g8bV7QFxrccehP3i1FRCN5QUSqWGcSbf95SWZtss5aw43	fi	[{'screen_name': 'bitclout_', 'name': 'bitclout ($clout)', 'id': '1372293795442663425'}]	['http://BitClout.com/u/BeauDunnart']	[]	0	1	4	['bitclout']	[]	https://twitter.com/MissBeauDunn/status/1379513316750487552	False		0								[]				
1379422957961949188	1379422957961949188	2021-04-06 08:17:16 CDT	2021-04-06	08:17:16	-0500	602324925	davidzhorvath	DAVID HORVATH		Just setting up my #bitclout ğŸ’ğŸ™Œ @bitclout_   https://t.co/BYUv75ESdr  BC1YLhrj35Eo7cBkdU9vz3XqLS5bxFnMHZrSjfzzgPEpG6a5YeMZGou	und	[{'screen_name': 'bitclout_', 'name': 'bitclout ($clout)', 'id': '1372293795442663425'}]	['http://BitClout.com/u/DavidHorvath']	[]	0	0	4	['bitclout']	[]	https://twitter.com/davidzhorvath/status/1379422957961949188	False		0								[]				
1379398978291253249	1379398978291253249	2021-04-06 06:41:59 CDT	2021-04-06	06:41:59	-0500	969434709448065024	gattuso_music	GATTÃœSO		Just setting up my #bitclout Public key: BC1YLi82VEQ7bkZuaC3EHFMz7AF59MVUASF4LoRTsTEgcmCxnCtX8eC	fi	[]	[]	[]	2	0	3	['bitclout']	[]	https://twitter.com/GATTUSO_MUSIC/status/1379398978291253249	False		0								[]				
1379219893166477314	1379219893166477314	2021-04-05 18:50:21 CDT	2021-04-05	18:50:21	-0500	22811432	boysnoize	Boys Noize		Just setting up my @bitclout_   https://t.co/oDrcGVYJWI   BC1YLgPP5x5KM2xvSzp8Nisbzx3JbQQ7rXRKDGK361ed3frYTVMQsTd  #bitclout	en	[{'screen_name': 'bitclout_', 'name': 'bitclout ($clout)', 'id': '1372293795442663425'}]	['http://BitClout.com/u/boysnoize']	[]	1	1	16	['bitclout']	[]	https://twitter.com/boysnoize/status/1379219893166477314	False		0								[]				
1379142188773208064	1379142188773208064	2021-04-05 13:41:35 CDT	2021-04-05	13:41:35	-0500	403179950	kalaniballfree	KalaniBallFree		Just setting up my bitclout ğŸ’ğŸ™Œ #bitclout    https://t.co/5j7nORUI1G	en	[]	['https://bitclout.com/u/kalaniballfree?public_key=BC1YLgKb7MxDMsyyP427wMWydhuvY2B714wfrLiUJ42Caub1ZbySSCw']	[]	2	4	19	['bitclout']	[]	https://twitter.com/KalaniBallFree/status/1379142188773208064	False		0								[]				
1378935084946874370	1378935084946874370	2021-04-04 23:58:38 CDT	2021-04-04	23:58:38	-0500	567059880	hackapreneur	Justin ğŸŒ–ã‚¯ã‚µãƒ		Just setting up my bitclout ğŸ’ğŸ™Œ   https://t.co/IgZAWbVEhz	en	[]	['https://bitclout.com/u/hackapreneur?public_key=BC1YLiC3rDRNRCR4w6H8eV295hbxB25zWhktQTEFjBPSn1dB8aZGpxL']	[]	11	1	31	[]	[]	https://twitter.com/hackapreneur/status/1378935084946874370	False		0								[]				
1378931664018022404	1378931664018022404	2021-04-04 23:45:02 CDT	2021-04-04	23:45:02	-0500	2529971	cdixon	Chris Dixon		Just setting up my bitclout ğŸ’ğŸ™Œ   https://t.co/P3pEIxjO85	en	[]	['https://bitclout.com/u/cdixon?public_key=BC1YLgzPiR79v8KjQpXsHhGnXoJhLxiRcyZbfvfFenvZ71BdVynwyhn']	[]	0	4	110	[]	[]	https://twitter.com/cdixon/status/1378931664018022404	False		0								[]				
1378894423870738432	1378894423870738432	2021-04-04 21:17:03 CDT	2021-04-04	21:17:03	-0500	6635012	to	trevor.btc		Just setting up my bitclout ğŸ’ğŸ™Œ   https://t.co/a9x8CvnxKZ   BC1YLh7cCVFeMu3sb6AsjDQqkWKUGKHAi9VqvUE8YTCV2CfrywjqffS  #bitclout	in	[]	['https://bitclout.com/u/to?public_key=BC1YLh7cCVFeMu3sb6AsjDQqkWKUGKHAi9VqvUE8YTCV2CfrywjqffS']	[]	0	2	3	['bitclout']	[]	https://twitter.com/TO/status/1378894423870738432	False		0								[]				
1378174746181820417	1378174746181820417	2021-04-02 21:37:19 CDT	2021-04-02	21:37:19	-0500	432823715	javilq	Javi Luna		Just setting up my bitclout ğŸ’   https://t.co/ZYpY4FNYs2  #bitclout	en	[]	['https://bitclout.com/u/JaviLQ?public_key=BC1YLfzWDXknNXCJkK8RRU7anjdqYM2CAwrtJuijxgzR7TLvm7LqA9a']	[]	2	2	20	['bitclout']	[]	https://twitter.com/JaviLQ/status/1378174746181820417	False		0								[]				
1378062003193909256	1378062003193909256	2021-04-02 14:09:19 CDT	2021-04-02	14:09:19	-0500	14788764	grantcardone	Grant Cardone		Just setting up my bitclout ğŸ’ğŸ™Œ   https://t.co/PuqS2m0FRf   BC1YLgrFkCHqqd7XNoZGd1J5LJHRjwxBF5x2mGwGiFyTBovAiJEra5W  #bitclout	en	[]	['https://bitclout.com/u/grantcardone?public_key=BC1YLgrFkCHqqd7XNoZGd1J5LJHRjwxBF5x2mGwGiFyTBovAiJEra5W']	[]	9	7	38	['bitclout']	[]	https://twitter.com/GrantCardone/status/1378062003193909256	False		0								[]				
1377763641303392260	1377763641303392260	2021-04-01 18:23:44 CDT	2021-04-01	18:23:44	-0500	176541304	taci_kalkavan	Taci Kalkavan		Just setting up my #bitclout @bitclout_   https://t.co/H0fSQPOEUg  BC1YLjJqm6bKtWdW2nLLhLyKUyVTbxupaPFPYXLLfSUmwYK48Jj7UcZ	tl	[{'screen_name': 'bitclout_', 'name': 'bitclout ($clout)', 'id': '1372293795442663425'}]	['https://bitclout.com/u/tacikalkavan?public_key=BC1YLjJqm6bKtWdW2nLLhLyKUyVTbxupaPFPYXLLfSUmwYK48Jj7UcZ']	[]	2	1	12	['bitclout']	[]	https://twitter.com/taci_kalkavan/status/1377763641303392260	False		0								[]				
1377735670664400907	1377735670664400907	2021-04-01 16:32:35 CDT	2021-04-01	16:32:35	-0500	342165503	jmanziel2	Johnny Manziel		Just setting up my bitclout ğŸ’ğŸ™Œ Letâ€™s get it #Bitclout    https://t.co/Ovq7vmsFGz	en	[]	['https://bitclout.com/u/jmanziel2?public_key=BC1YLfpDEaUw78mFzwh5J61dHzZHwRUojGvzPH57rejAYZMNNqkNRp7']	[]	7	5	57	['bitclout']	[]	https://twitter.com/JManziel2/status/1377735670664400907	False		0								[]				
1377657603950436352	1377657603950436352	2021-04-01 11:22:23 CDT	2021-04-01	11:22:23	-0500	2811769316	motdraw1	Tom Ward		Just setting up my #bitclout ğŸš€   https://t.co/iAjU1msIE8â€¦  BC1YLjJKiVRPEVX9EEbjY8rcFKEZ3LhqhnrHqXTVrcy2CArNRmMynnr  @bitclout_	et	[{'screen_name': 'bitclout_', 'name': 'bitclout ($clout)', 'id': '1372293795442663425'}]	['https://bitclout.com/u/tomward?public_key=BC1YLjJKiVRPEVX9EEbjY8rcFKEZ3LhqhnrHqXTVrcy2CArNRmMynnr']	[]	1	0	6	['bitclout']	[]	https://twitter.com/motdraw1/status/1377657603950436352	False		0								[]				
1377432259121328128	1377432259121328128	2021-03-31 20:26:56 CDT	2021-03-31	20:26:56	-0500	2478756618	jerallaire	Jeremy Allaire		Just setting up my bitclout ğŸ’ğŸ™Œ   https://t.co/QJcASMyzvh	en	[]	['https://bitclout.com/u/jerallaire?public_key=BC1YLfyHJ7GJp7PE6JByFEvHZc56syMh6w9URfd9gaRxy8pBdMmMjwU']	[]	5	1	43	[]	[]	https://twitter.com/jerallaire/status/1377432259121328128	False		0								[]				
1377365632446910464	1377365632446910464	2021-03-31 16:02:11 CDT	2021-03-31	16:02:11	-0500	779898205	tanamongeau	CANCELLED		Just setting up my bitclout ğŸ¤‘ğŸ¤‘   https://t.co/Wa27CUtYAY  BC1YLgNU3ioxJHo9F5KSXzwUndANesTb9d2RdvSpJh1DkWnyvtNdUCS  #bitclout	en	[]	['https://bitclout.com/u/tanamongeau?public_key=BC1YLgNU3ioxJHo9F5KSXzwUndANesTb9d2RdvSpJh1DkWnyvtNdUCS']	[]	15	16	516	['bitclout']	[]	https://twitter.com/tanamongeau/status/1377365632446910464	False		0								[]				
1377364682734899200	1377364682734899200	2021-03-31 15:58:25 CDT	2021-03-31	15:58:25	-0500	18950712	nickgillespie	Nick Gillespie		Just setting up my bitclout ğŸ’ğŸ™Œ   https://t.co/dsE9qPh2Dv #bitclout	en	[]	['https://bitclout.com/u/nickgillespie?public_key=BC1YLjFCpQ34QyXBXa1RwZtwzntuUams1fr6aCefj5pUfmokieBzrSs']	[]	4	0	6	['bitclout']	[]	https://twitter.com/nickgillespie/status/1377364682734899200	False		0								[]				
1377344492685131778	1377344492685131778	2021-03-31 14:38:11 CDT	2021-03-31	14:38:11	-0500	53175441	bentossell	Ben Tossell		Just setting up my bitclout ğŸ’ğŸ™Œ   https://t.co/I13d0ly57P	en	[]	['https://bitclout.com/u/bentossell?public_key=BC1YLibiazLHEMz3ZgdBkygn26hZRDJDkYN38f9p1L4mnTXTTS14SvE']	[]	2	0	12	[]	[]	https://twitter.com/bentossell/status/1377344492685131778	False		0								[]				
1377101373032914948	1377101373032914948	2021-03-30 22:32:07 CDT	2021-03-30	22:32:07	-0500	23395456	spencerpratt	PrattDaddy.com		Just setting up my bitclout ğŸ’   https://t.co/76XwK2qETa  #bitclout	en	[]	['https://bitclout.com/u/spencerpratt?public_key=BC1YLgRm6qL4tV75J55U11WH8L6MTEnbofwwF9Xzo9SHSj1uHDw6sxh']	[]	5	1	20	['bitclout']	[]	https://twitter.com/spencerpratt/status/1377101373032914948	False		0								[]				
1377100541210152970	1377100541210152970	2021-03-30 22:28:48 CDT	2021-03-30	22:28:48	-0500	23396761	heidimontag	Heidi Montag		Just setting up my bitclout ğŸ’   https://t.co/59sPm6tihn  #bitclout	en	[]	['https://bitclout.com/u/heidimontag?public_key=BC1YLgfXpMgYStWcSJvF1u9Ee8HN8pwZ9DKFYgLU2xnq7qnVzwcunQu']	[]	4	0	15	['bitclout']	[]	https://twitter.com/heidimontag/status/1377100541210152970	False		0								[]				
1377090280558620672	1377090280558620672	2021-03-30 21:48:02 CDT	2021-03-30	21:48:02	-0500	45167431	patrickbetdavid	Patrick Bet-David		Just joined Bitclout.    #bitclout @bitcloutlist    https://t.co/OJCnkJXn1N    BC1YLhx3Ufp9k465cxdhXs1Nq5fMWm8EVW7B2eQwJvYx9tuEMbmqPZX    Setting up my BitClout ğŸ’ğŸ™Œ letâ€™s do this	en	[{'screen_name': 'bitcloutlist', 'name': 'bitcloutlist.com', 'id': '1372220528518397955'}]	['https://bitclout.com/u/patrickbetdavid']	[]	9	2	67	['bitclout']	[]	https://twitter.com/patrickbetdavid/status/1377090280558620672	False		0								[]				
1376943534289260544	1376943534289260544	2021-03-30 12:04:55 CDT	2021-03-30	12:04:55	-0500	30495613	andrearussett	Andrea Russett		Just setting up my bitclout ğŸ’ğŸ™Œ   https://t.co/WdtpEqgJJE	en	[]	['https://bitclout.com/u/andrearussett?public_key=BC1YLirNDyEfX7MVpc5QmWYhWGYs3L2gGqAUaWdX7u9VFSDkfXXhhKX']	[]	27	16	414	[]	[]	https://twitter.com/AndreaRussett/status/1376943534289260544	False		0								[]				
1376891790133891072	1376891790133891072	2021-03-30 08:39:18 CDT	2021-03-30	08:39:18	-0500	43192340	jackphan	Jack PhanğŸ¹		Just setting up my #bitclout ğŸ˜‰  My success = your gain.   https://t.co/c7ogq49yqa  BC1YLfu1zNEY4Ry5dJhConcUSR4okCEMqEudUTn9B98oYM1VxaW7hb4  @bitclout_  https://t.co/d6BISKWNXG	en	[{'screen_name': 'bitclout_', 'name': 'bitclout ($clout)', 'id': '1372293795442663425'}]	['https://bitclout.com/u/jackphan?public_key=BC1YLfu1zNEY4Ry5dJhConcUSR4okCEMqEudUTn9B98oYM1VxaW7hb4']	['https://pbs.twimg.com/media/ExuzyR3UUAAV5eb.jpg']	1	6	55	['bitclout']	[]	https://twitter.com/JackPhan/status/1376891790133891072	False		1	https://pbs.twimg.com/media/ExuzyR3UUAAV5eb.jpg							[]				
1376657162429079557	1376657162429079557	2021-03-29 17:06:59 CDT	2021-03-29	17:06:59	-0500	274773978	alexcosta	Alex Costa		Just setting up my bitclout   https://t.co/HPS1vPf2cj #bitclout	en	[]	['https://bitclout.com/u/alexcosta?public_key=BC1YLgAn8d9eJ5XzuX3iasxn2BtytVsikssLWjmS7ouk5jVGKkp1uE9']	[]	2	0	42	['bitclout']	[]	https://twitter.com/AlexCosta/status/1376657162429079557	False		0								[]				
1376611740138549248	1376611740138549248	2021-03-29 14:06:29 CDT	2021-03-29	14:06:29	-0500	719218159	tessabrooks	Tessa Brooks		Just setting up my bitclout ğŸ’ğŸ™Œ excited to see what this is all about!!  #bitclout @bitcloutlist  https://t.co/ka5HNYQfuZ    https://t.co/kCXmMw5MiR  BC1YLhuT3LdQ9RBwSQRLBB1DUeN9v1xX5nSgSRN6ZqdEpartJDMSCSm	en	[{'screen_name': 'bitcloutlist', 'name': 'bitcloutlist.com', 'id': '1372220528518397955'}]	['https://bitclout.com/u/tessabrooks', 'https://bitclout.com/u/tessabrooks?public_key=BC1YLhuT3LdQ9RBwSQRLBB1DUeN9v1xX5nSgSRN6ZqdEpartJDMSCSm']	[]	14	7	258	['bitclout']	[]	https://twitter.com/TessaBrooks/status/1376611740138549248	False		0								[]				
1376479603338973185	1376479603338973185	2021-03-29 05:21:25 CDT	2021-03-29	05:21:25	-0500	20756169	richiehawtin	richiehawtin		Just setting up my #bitclout    https://t.co/XlIm8UWzFk  BC1YLhyr4AMojX7pbxLRxASchsPi7Qwsdj98vc6wsVYJZxCHY1pZvd6  @bitclout_	und	[{'screen_name': 'bitclout_', 'name': 'bitclout ($clout)', 'id': '1372293795442663425'}]	['https://bitclout.com/u/richiehawtin?public_key=BC1YLhyr4AMojX7pbxLRxASchsPi7Qwsdj98vc6wsVYJZxCHY1pZvd6']	[]	4	2	21	['bitclout']	[]	https://twitter.com/richiehawtin/status/1376479603338973185	False		0								[]				
1376346013376544768	1376346013376544768	2021-03-28 20:30:35 CDT	2021-03-28	20:30:35	-0500	3274741974	blakegray	Blake Gray		Just setting up my bitclout ğŸ’ğŸ™Œ   https://t.co/1ML72I4NLk  @BitCloutList #BitClout	en	[{'screen_name': 'bitcloutlist', 'name': 'bitcloutlist.com', 'id': '1372220528518397955'}]	['https://bitclout.com/u/blakegray?public_key=BC1YLhDxy7fLQbE9A6gLyRknrRrCiLSLUZ1aNmfAuV3jvtRRxaXpn7k']	[]	76	29	2320	['bitclout']	[]	https://twitter.com/BlakeGray/status/1376346013376544768	False		0								[]				
1376316243339272192	1376316243339272192	2021-03-28 18:32:17 CDT	2021-03-28	18:32:17	-0500	5901702	mikekarnj	Michael Karnjanaprakorn		Just setting up my bitclout ğŸ’ğŸ™Œ   https://t.co/TQvagiIx83	en	[]	['https://bitclout.com/u/mikekarnj?public_key=BC1YLgq65vTnigfQ2a9JmdV2Ks27em72DBTGSiwRNszgEZohmgL7svQ']	[]	1	1	12	[]	[]	https://twitter.com/mikekarnj/status/1376316243339272192	False		0								[]				
1376311743979216896	1376311743979216896	2021-03-28 18:14:25 CDT	2021-03-28	18:14:25	-0500	27545047	mattspoke	Matt Spoke		Just setting up my bitclout ğŸ’ğŸ™Œ   https://t.co/qfCEgID4pd	en	[]	['https://bitclout.com/u/mattspoke?public_key=BC1YLgrFiPtRF7vxweP9NAUgNnrUiFTPrWDcxmku3JmL793v5AW25MZ']	[]	1	0	5	[]	[]	https://twitter.com/MattSpoke/status/1376311743979216896	False		0								[]				
1376251586717097985	1376251586717097985	2021-03-28 14:15:22 CDT	2021-03-28	14:15:22	-0500	29898542	heffrondrive	Kendall Schmidt		Just setting up my bitclout ğŸ’ğŸ™Œ   https://t.co/9Fmki2WtpO	en	[]	['https://bitclout.com/u/heffrondrive?public_key=BC1YLhC1a7FzCFEyKnQpMpDhjQAQ6oADfibpY9Pj6MdBT6Pm9YeYkj6']	[]	81	114	848	[]	[]	https://twitter.com/HeffronDrive/status/1376251586717097985	False		0								[]				
1376239345116401665	1376239345116401665	2021-03-28 13:26:43 CDT	2021-03-28	13:26:43	-0500	59659495	thebarbieblank	Barbie Blank		Just setting up my BitClout ğŸ’ğŸ™Œ   https://t.co/LAfUVZPKK8  @BitCloutList #BitClout	en	[{'screen_name': 'bitcloutlist', 'name': 'bitcloutlist.com', 'id': '1372220528518397955'}]	['https://bitclout.com/u/thebarbieblank?public_key=BC1YLgNMEP1WNZboHzUWBJDoCTq7yRKLMChn1pLkBYFGvQBPMxftem8']	[]	8	15	68	['bitclout']	[]	https://twitter.com/TheBarbieBlank/status/1376239345116401665	False		0								[]				
1376220301508411393	1376220301508411393	2021-03-28 12:11:03 CDT	2021-03-28	12:11:03	-0500	633287684	isocialfanz	Brian Fanzo ğŸ§¢ Keynote Speaker $ADHD		Just setting up my bitclout ğŸ’ğŸ™Œ   https://t.co/IbwXFEJ49B	en	[]	['https://bitclout.com/u/isocialfanz?public_key=BC1YLhY922qtnmkroMfMqLwfw1U1dqf59EjMnLb9yUhURbbNxS7ChN1']	[]	1	3	11	[]	[]	https://twitter.com/iSocialFanz/status/1376220301508411393	False		0								[]				
1376175959150374914	1376175959150374914	2021-03-28 09:14:51 CDT	2021-03-28	09:14:51	-0500	86664924	jayrayner1	Jay Rayner		Just setting up my #bitclout    https://t.co/yu7pW6Bjp4  BC1YLi7r8HAJ6L8XM5eGwz9RchjvrrdvoyLQSLdxNpnYCedo6KR4rUo  @bitclout_	und	[{'screen_name': 'bitclout_', 'name': 'bitclout ($clout)', 'id': '1372293795442663425'}]	['https://bitclout.com/u/jayrayner?public_key=BC1YLi7r8HAJ6L8XM5eGwz9RchjvrrdvoyLQSLdxNpnYCedo6KR4rUo']	[]	5	3	7	['bitclout']	[]	https://twitter.com/jayrayner1/status/1376175959150374914	False		0								[]				
1376093267650093058	1376093267650093058	2021-03-28 03:46:16 CDT	2021-03-28	03:46:16	-0500	7640782	azeem	Azeem Azhar		Just setting up my bitclout ğŸ’ğŸ™Œ   https://t.co/5Y6Gc9unJq	en	[]	['https://bitclout.com/u/azeem?public_key=BC1YLfhxAfKx27cCTntJvK9kXz8MvtV7ymNbW3ssP6YBYyATCyJXDrq']	[]	2	1	6	[]	[]	https://twitter.com/azeem/status/1376093267650093058	False		0								[]				
1376037149531807745	1376037149531807745	2021-03-28 00:03:16 CDT	2021-03-28	00:03:16	-0500	14103143	arimannis	Ari Mannis		Just setting up my #bitclout Gem stoneRaising hands    https://t.co/Mz6zPSjnUp  BC1YLibQW8g9UD985zaw1c3y8Hv1BRrDH9CzH8crqgdWMd8XV4BgFmn  @Bitclout_	in	[{'screen_name': 'bitclout_', 'name': 'bitclout ($clout)', 'id': '1372293795442663425'}]	['https://bitclout.com/u/arimannis?public_key=BC1YLibQW8g9UD985zaw1c3y8Hv1BRrDH9CzH8crqgdWMd8XV4BgFmn']	[]	0	1	5	['bitclout']	[]	https://twitter.com/arimannis/status/1376037149531807745	False		0								[]				
1376012097729925129	1376012097729925129	2021-03-27 22:23:43 CDT	2021-03-27	22:23:43	-0500	118176090	tahliaparis	Tahlia Paris		Just setting up my bitclout ğŸ’ğŸ™Œ  https://t.co/j5aZeVJew0 #bitclout @bitcloutlist  BC1YLiiREioYSHr11eFjqwoGi1FnARAwQQNCJqzvwLgDBBgJD89h2y9	ht	[{'screen_name': 'bitcloutlist', 'name': 'bitcloutlist.com', 'id': '1372220528518397955'}]	['http://bitclout.com/u/DjTahliaparis']	[]	1	5	67	['bitclout']	[]	https://twitter.com/tahliaparis/status/1376012097729925129	False		0								[]				
1375902145661304834	1375902145661304834	2021-03-27 15:06:49 CDT	2021-03-27	15:06:49	-0500	2312624574	plsandtybased	PLS&TY		Just setting up my #Bitclout account!  ğ•±ğ–”ğ–‘ğ–‘ğ–”ğ–œ ğ•¸ğ–Š ğ•³ğ–Šğ–—ğ–Š:   https://t.co/uyIzkyQdrJ  ğ•»ğ–šğ–‡ğ–‘ğ–ğ–ˆ ğ•¶ğ–Šğ–: BC1YLhQo1wzg1DYXLDxfCghJ4JrL57AurFF8mq5TaoCkgQnviCTLe64  @Bitclout_	en	[{'screen_name': 'bitclout_', 'name': 'bitclout ($clout)', 'id': '1372293795442663425'}]	['https://bitclout.com/u/plsandty']	[]	3	1	12	['bitclout']	[]	https://twitter.com/plsandtybased/status/1375902145661304834	False		0								[]				
1375897607629910017	1375897607629910017	2021-03-27 14:48:47 CDT	2021-03-27	14:48:47	-0500	85383470	rorykramer	r o r y		Just setting up my bitclout ğŸ’ğŸ™Œ   https://t.co/C0eax6B0BF  @BitCloutList #BitClout	en	[{'screen_name': 'bitcloutlist', 'name': 'bitcloutlist.com', 'id': '1372220528518397955'}]	['https://bitclout.com/u/rorykramer?public_key=BC1YLiRhoEfXoKEyeZG1dUBpdaBRqhXwGdqrcZ4E9WrjCY6EDQ7MqoN']	[]	4	5	33	['bitclout']	[]	https://twitter.com/RoryKramer/status/1375897607629910017	False		0								[]				
1375643277660020737	1375643277660020737	2021-03-26 21:58:10 CDT	2021-03-26	21:58:10	-0500	74816067	ttlyteala	Teala Dunn		Just setting up my bitclout ğŸ’ğŸ™Œ   https://t.co/lowJ1ZZCBt  @BitCloutList #BitClout	en	[{'screen_name': 'bitcloutlist', 'name': 'bitcloutlist.com', 'id': '1372220528518397955'}]	['https://bitclout.com/u/ttlyteala?public_key=BC1YLhWLHNaJ39vFtByYQuPXop2dBT219zzzZB5i1jYqvEXaXrs8dqL']	[]	1	7	37	['bitclout']	[]	https://twitter.com/TTLYTEALA/status/1375643277660020737	False		0								[]				
1375591280244191235	1375591280244191235	2021-03-26 18:31:33 CDT	2021-03-26	18:31:33	-0500	14338147	satoshilite	Charlie Lee [LTCâš¡]		Just setting up my bitclout ğŸ’ğŸ™Œ #bitclout    https://t.co/JiyKPzrI3I	en	[]	['https://bitclout.com/u/satoshilite?public_key=BC1YLg2pjALQER6ygWtJFKibgw434crW8wDAXSSXevofJkdHKiwrPRZ']	[]	0	27	220	['bitclout']	[]	https://twitter.com/SatoshiLite/status/1375591280244191235	False		0								[]				
1375569804296343552	1375569804296343552	2021-03-26 17:06:12 CDT	2021-03-26	17:06:12	-0500	338674715	fuckjerry	Elliot Tebele		Just setting up my bitclout ğŸ’ğŸ™Œ   https://t.co/ohDJvxRjwv? BC1YLgcvgASbCukAWVxraPoRX7XiJCKexj6zqeqMzM9a8pT4dcrKoVb @bitcloutlist #Bitclout	fi	[{'screen_name': 'bitcloutlist', 'name': 'bitcloutlist.com', 'id': '1372220528518397955'}]	['https://bitclout.com/u/fuckjerry']	[]	1	1	4	['bitclout']	[]	https://twitter.com/FuckJerry/status/1375569804296343552	False		0								[]				
1375534745241624578	1375534745241624578	2021-03-26 14:46:54 CDT	2021-03-26	14:46:54	-0500	916077559	neelsvisser	Neels Visser		Just setting up my bitclout   https://t.co/nUDIuEYhAh	en	[]	['https://bitclout.com/u/neels?public_key=BC1YLiW2oiYwjNwaj3ap2ZbgXvHTFhCgmF9H1w4HyhTUexHTR1V32Cw']	[]	6	2	77	[]	[]	https://twitter.com/neelsvisser/status/1375534745241624578	False		0								[]				
1375525356468383745	1375525356468383745	2021-03-26 14:09:35 CDT	2021-03-26	14:09:35	-0500	1951639321	kygomusic	Kygo		Just setting up my #bitclout ğŸ’ğŸ™Œ @BitCloutPulse    https://t.co/7ZszvLg3Pd	en	[{'screen_name': 'bitcloutpulse', 'name': 'pulse', 'id': '1370945721990545410'}]	['https://bitclout.com/u/kygomusic?public_key=BC1YLiuFY6sNdskVy4DUwQiMGKCaSHkGb5tNDZXFHHiHY9NM3TTGH7Z']	[]	23	27	340	['bitclout']	[]	https://twitter.com/KygoMusic/status/1375525356468383745	False		0								[]				
1375522241648099329	1375522241648099329	2021-03-26 13:57:13 CDT	2021-03-26	13:57:13	-0500	1068831	slashdot	Slashdot		Just setting up my bitclout ğŸ’ğŸ™Œ   https://t.co/GPDvyyeibd	en	[]	['https://bitclout.com/u/Slashdotorg?public_key=BC1YLihT3weYB5AiQFW6SJCnMZVwm4BozqPBa8q7p8juuMoHTCMWyWU']	[]	0	1	2	[]	[]	https://twitter.com/slashdot/status/1375522241648099329	False		0								[]				
1375518069959749638	1375518069959749638	2021-03-26 13:40:38 CDT	2021-03-26	13:40:38	-0500	1297950453137903617	watenvi	Karan		Just setting up my #bitclout ğŸ’ğŸ™Œ   https://t.co/WtjupRzH2n  BC1YLhzVzckociMa19gW1j9NbeGsc6nEaX1uRDJUdSAiMhv9q5N2bh4  @bitclout_	en	[{'screen_name': 'bitclout_', 'name': 'bitclout ($clout)', 'id': '1372293795442663425'}]	['http://bitclout.com/u/karandinho?public_key=BC1YLhzVzckociMa19gW1j9NbeGsc6nEaX1uRDJUdSAiMhv9q5N2bh4']	[]	0	0	1	['bitclout']	[]	https://twitter.com/watenvi/status/1375518069959749638	False		0								[]				
1375510447219085314	1375510447219085314	2021-03-26 13:10:21 CDT	2021-03-26	13:10:21	-0500	26829539	maxlugavere	Max Lugavere		@Bitclout_ Just setting up my #bitclout ğŸ’ğŸ™Œ    https://t.co/2JQnuMnSUH  BC1YLhuA7RJP1ttmhjaBYPUYNTp6eYy2KrV5dvYWhSL5ttrQH3UQVht	et	[]	['https://bitclout.com/u/maxlugavere?public_key=BC1YLhuA7RJP1ttmhjaBYPUYNTp6eYy2KrV5dvYWhSL5ttrQH3UQVht']	[]	0	0	0	['bitclout']	[]	https://twitter.com/maxlugavere/status/1375510447219085314	False		0								[]				
1375502423884587010	1375502423884587010	2021-03-26 12:38:28 CDT	2021-03-26	12:38:28	-0500	813853845562466304	kristinaschulma	Kristina Schulman		Just setting up my Bitclout ğŸ’ğŸ™Œ   https://t.co/X2Tk696DvY  @BitCloutList #BitClout	en	[{'screen_name': 'bitcloutlist', 'name': 'bitcloutlist.com', 'id': '1372220528518397955'}]	['https://bitclout.com/u/kristinaschulman?public_key=BC1YLfgZVDvokjsosxzWiFbYF1jkMrdqvKHGppjGxmWoap6ta3bFXRt']	[]	0	1	6	['bitclout']	[]	https://twitter.com/kristinaschulma/status/1375502423884587010	False		0								[]				
1375488873858392064	1375488873858392064	2021-03-26 11:44:37 CDT	2021-03-26	11:44:37	-0500	271964834	calvynjustus	Calvyn Justus		Just setting up my #bitclout ğŸ’ğŸ™Œ    https://t.co/1eZRLYzMXc  BC1YLhBwDBwvmAHRxowKEJPJFYaovNAjBp9UNJEJceZeTvHAsnhAL43	cs	[]	['https://bitclout.com/u/calvynjustus?public_key=BC1YLhBwDBwvmAHRxowKEJPJFYaovNAjBp9UNJEJceZeTvHAsnhAL43']	[]	1	1	3	['bitclout']	[]	https://twitter.com/CalvynJustus/status/1375488873858392064	False		0								[]				
1375319121701838849	1375319121701838849	2021-03-26 00:30:05 CDT	2021-03-26	00:30:05	-0500	44395654	sandi_thom	SANDI THOM		Just setting up my bitclout ğŸ’ğŸ™Œ   https://t.co/wgbbnbJ2jq	en	[]	['https://bitclout.com/u/Sandithom?public_key=BC1YLgSPgKzsUikXP8eXa4UzC7q3HzH4uhENAUzxRUTqLwgz7UNxzMb']	[]	1	0	3	[]	[]	https://twitter.com/Sandi_Thom/status/1375319121701838849	False		0								[]				
1375221330199502850	1375221330199502850	2021-03-25 18:01:30 CDT	2021-03-25	18:01:30	-0500	826623683057721344	bhadbhabie	BHAD BHABIE		Just setting up my bitclout fr ğŸ’ğŸ™Œ this shit better work #bitclout @bitcloutlist    https://t.co/oNAliDYAmZ	en	[{'screen_name': 'bitcloutlist', 'name': 'bitcloutlist.com', 'id': '1372220528518397955'}]	['https://bitclout.com/u/bhadbhabie?public_key=BC1YLfvxmD6Q7JCDeyiUPqLYvcXW6HqcHD1MR6ExjWp4DrdJwEQ6ADL']	[]	11	15	185	['bitclout']	[]	https://twitter.com/BhadBhabie/status/1375221330199502850	False		0								[]				
1375154977035988996	1375154977035988996	2021-03-25 13:37:50 CDT	2021-03-25	13:37:50	-0500	18377825	diogomonica	Diogo MÃ³nica		Just setting up my bitclout ğŸ’ğŸ™Œ   https://t.co/FIreZ2zo9z	en	[]	['https://bitclout.com/u/diogomonica?public_key=BC1YLikk3kCAa8CX3PWqYFxyAygm54F17tibUQUYzLfKAzBCStFBJxV']	[]	1	1	6	[]	[]	https://twitter.com/diogomonica/status/1375154977035988996	False		0								[]				
1375154616971722755	1375154616971722755	2021-03-25 13:36:24 CDT	2021-03-25	13:36:24	-0500	129389222	kapslap	Kap Slap		Just setting up my #bitclout ğŸ’ğŸ™Œ    https://t.co/TEvGuIM0dS  BC1YLg3VKJD626ymgNZLP937xA4mWngAWerSchRH5HpgYUPtFML9Z1B  @bitclout_	in	[{'screen_name': 'bitclout_', 'name': 'bitclout ($clout)', 'id': '1372293795442663425'}]	['https://bitclout.com/u/kapslap?public_key=BC1YLg3VKJD626ymgNZLP937xA4mWngAWerSchRH5HpgYUPtFML9Z1B']	[]	1	2	4	['bitclout']	[]	https://twitter.com/KapSlap/status/1375154616971722755	False		0								[]				
1375145495169953793	1375145495169953793	2021-03-25 13:00:09 CDT	2021-03-25	13:00:09	-0500	178536817	joelcontartese	Joel Contartese		Just setting up my #bitclout ğŸ’ğŸ™Œ    https://t.co/lqB8IsPjG2  BC1YLiM9u8um4EK6DzqqfkkAMiJLfaz8Y4qQHDThqmjoL9jFBNyRGmQ  @Bitclout_	in	[{'screen_name': 'bitclout_', 'name': 'bitclout ($clout)', 'id': '1372293795442663425'}]	['https://bitclout.com/u/joelcontartese?public_key=BC1YLiM9u8um4EK6DzqqfkkAMiJLfaz8Y4qQHDThqmjoL9jFBNyRGmQ']	[]	0	0	2	['bitclout']	[]	https://twitter.com/JoelContartese/status/1375145495169953793	False		0								[]				
1375136093704708097	1375136093704708097	2021-03-25 12:22:48 CDT	2021-03-25	12:22:48	-0500	14642331	gregisenberg	GREG ISENBERG		Just setting up my bitclout ğŸ’ğŸ™Œ   https://t.co/lyqtTP4WaH	en	[]	['https://bitclout.com/u/gregisenberg?public_key=BC1YLiab5s41igYz3w5h5J4qYdX2iW824jetbMEP1VEgFLfGoNgkTET']	[]	13	2	36	[]	[]	https://twitter.com/gregisenberg/status/1375136093704708097	False		0								[]				
1375129838068072454	1375129838068072454	2021-03-25 11:57:56 CDT	2021-03-25	11:57:56	-0500	158610400	austin_rief	Austin Rief â˜•ï¸		Just setting up my #bitclout ğŸ’ğŸ™Œ   https://t.co/2YD9aYR4Ec	en	[]	['https://bitclout.com/u/austin_rief?public_key=BC1YLhPaoubfgE6aBijpAvjhmNubA7DsH3VPWDcS7a4sCif4n8pR38D']	[]	10	3	23	['bitclout']	[]	https://twitter.com/austin_rief/status/1375129838068072454	False		0								[]				
1375106820923039745	1375106820923039745	2021-03-25 10:26:29 CDT	2021-03-25	10:26:29	-0500	703734282	huntermoreno	Hunter Moreno		Just setting up my #bitclout ğŸ’ğŸ™Œ    https://t.co/WOqTSc9uhl  BC1YLgSpJcHNWthaVqRv8dNBQzmF8feFZPwp2BD85YCbMT5GChwLDpg  @Bitclout_    This is about to be a game changer.	en	[{'screen_name': 'bitclout_', 'name': 'bitclout ($clout)', 'id': '1372293795442663425'}]	['https://bitclout.com/u/huntermoreno?public_key=BC1YLgSpJcHNWthaVqRv8dNBQzmF8feFZPwp2BD85YCbMT5GChwLDpg']	[]	0	0	14	['bitclout']	[]	https://twitter.com/huntermoreno/status/1375106820923039745	False		0								[]				
1374766780770488320	1374766780770488320	2021-03-24 11:55:17 CDT	2021-03-24	11:55:17	-0500	171572882	robertgraham24	Robert Graham		Just setting up my bitclout ğŸ’ğŸ™Œ    https://t.co/P9eA5I9Qx3	en	[]	['https://bitclout.com/u/robertgraham?public_key=BC1YLhriEzhGkrKzUGmL3B4Zdq9S63oGVSYMhUV1UT5vDoRieHceZBB']	[]	1	1	7	[]	[]	https://twitter.com/RobertGraham24/status/1374766780770488320	False		0								[]				
1374585687857623042	1374585687857623042	2021-03-23 23:55:41 CDT	2021-03-23	23:55:41	-0500	16778949	tanayj	Tanay Jaipuria		Just setting up my bitclout ğŸ’ğŸ™Œ   https://t.co/E9uOJe1Sdg	en	[]	['https://bitclout.com/u/tanayj?public_key=BC1YLgJof8ZHmDWoG67P5wG4SPVAi3HkskRm1T4mjFt8f2BxcHTK1p7']	[]	2	1	8	[]	[]	https://twitter.com/tanayj/status/1374585687857623042	False		0								[]				
1374581748990758912	1374581748990758912	2021-03-23 23:40:02 CDT	2021-03-23	23:40:02	-0500	2904658727	valegenta	Vale Genta		Just setting up my bitclout ğŸ’ğŸ™Œ   https://t.co/mqfRzQkNXN	en	[]	['https://bitclout.com/u/valegenta?public_key=BC1YLhco1nvhZmUXmcqpE66C7a91ev8ZroYPCCVWMuH4G3PDb4gYZa6']	[]	2	1	16	[]	[]	https://twitter.com/Valegenta/status/1374581748990758912	False		0								[]				
1374579289530671106	1374579289530671106	2021-03-23 23:30:15 CDT	2021-03-23	23:30:15	-0500	11768582	garrytan	Garry Tan é™ˆå˜‰å…´ ğŸŒ		Just setting up my bitclout ğŸ’ğŸ™Œ   https://t.co/AULaeRDE9D	en	[]	['https://bitclout.com/u/garrytan?public_key=BC1YLgHgmmSnTSJfRUQ5kYpSXZxdxsreXsZGFcgzNB6FrG3mLJrh2bG']	[]	11	1	51	[]	[]	https://twitter.com/garrytan/status/1374579289530671106	False		0								[]				
1374544408125734914	1374544408125734914	2021-03-23 21:11:39 CDT	2021-03-23	21:11:39	-0500	63291287	staceydash	Stacey DASH		Just setting up my bitclout ğŸ’ğŸ™Œ   https://t.co/x15gXWPG94	en	[]	['https://bitclout.com/u/staceydash?public_key=BC1YLgBYCHdnB35xkQRWW3UudffVS5S5mp9314ve2dLPncw2YyXypXv']	[]	6	7	60	[]	[]	https://twitter.com/staceydash/status/1374544408125734914	False		0								[]				
1374481610872033290	1374481610872033290	2021-03-23 17:02:07 CDT	2021-03-23	17:02:07	-0500	170049408	davidgokhshtein	David Gokhshtein		Just setting up my #bitclout ğŸ’ğŸ™Œ    https://t.co/SMN7TC3aZI  BC1YLiHKbaamFWJ1XCcWuuwjEpYhp2ExsMZucSawD69RbRAF5G4LSaY	en	[]	['https://bitclout.com/u/davidgokhshtein1?public_key=BC1YLiHKbaamFWJ1XCcWuuwjEpYhp2ExsMZucSawD69RbRAF5G4LSaY']	[]	3	3	24	['bitclout']	[]	https://twitter.com/davidgokhshtein/status/1374481610872033290	False		0								[]				
1374479674873499652	1374479674873499652	2021-03-23 16:54:25 CDT	2021-03-23	16:54:25	-0500	513641129	whitezunder	ã€WhiteZunder 7L ğŸ¦Šã€		Just setting up my #bitclout ğŸ’ğŸ™Œ    https://t.co/tnwXUqguBs  BC1YLjVrWApZ3WJn3yieXR4Y3Go6dEvDTGrJorhdw94kyrzaKepYf18	in	[]	['https://bitclout.com/u/whitezunder?public_key=BC1YLjVrWApZ3WJn3yieXR4Y3Go6dEvDTGrJorhdw94kyrzaKepYf18']	[]	2	3	21	['bitclout']	[]	https://twitter.com/WhiteZunder/status/1374479674873499652	False		0								[]				
1374475908141121542	1374475908141121542	2021-03-23 16:39:27 CDT	2021-03-23	16:39:27	-0500	24222556	tyler	Tyler Winklevoss		Just setting up my bitclout ğŸ’ğŸ™Œ   https://t.co/0c6OVacRYz	en	[]	['https://bitclout.com/u/tyler?public_key=BC1YLiJ4d8uAAc9j1XPxrCQNimpA3bfQELRdnanhcVspp5wqWHTQwq5']	[]	98	33	283	[]	[]	https://twitter.com/tyler/status/1374475908141121542	False		0								[]				
1374472879497089036	1374472879497089036	2021-03-23 16:27:25 CDT	2021-03-23	16:27:25	-0500	250980843	cameron	Cameron Winklevoss		Just setting up my bitclout ğŸ’ğŸ™Œ   https://t.co/LQ43roJGTu	en	[]	['https://bitclout.com/u/cameron?public_key=BC1YLitWPanfvnYVHQu8Z3CyPJJbj86WX3sMPJQreAzTSSwbspcqAzf']	[]	65	17	248	[]	[]	https://twitter.com/cameron/status/1374472879497089036	False		0								[]				
1374456834497519622	1374456834497519622	2021-03-23 15:23:40 CDT	2021-03-23	15:23:40	-0500	662423	pm	Paul McKellar (in NYC)		Just setting up my bitclout ğŸ’ğŸ™Œ   https://t.co/7aPsSrWJpM	en	[]	['https://bitclout.com/u/pm?public_key=BC1YLhoMtchPFHNN8SqsuAiq6j9arBiseVxJN4f83FSC8719Gr2x8nq']	[]	2	3	10	[]	[]	https://twitter.com/pm/status/1374456834497519622	False		0								[]				
1374443863721398272	1374443863721398272	2021-03-23 14:32:07 CDT	2021-03-23	14:32:07	-0500	5444852	mlitman	michael litman		just setting up my @Bitclout_  https://t.co/ifRwvEGdTa	en	[{'screen_name': 'bitclout_', 'name': 'bitclout ($clout)', 'id': '1372293795442663425'}]	['https://bitclout.com/u/mlitman?password=e6c71ab9a53127276d522e66f7856ffb50a1e6a9e9332fe42d5ace6745a3eddc&__cf_chl_captcha_tk__=e29a7df6183ac02bdaed844fd2b06f9a2a536ff0-1616200766-0-ARrerfz3H-w5M-pusvbqZNDFq9z90_tUoEghBtE8G1D1AMCiwsdvI6gFf9yU4zZu_4VAhiXxAmTZj6BHq8MbHjsXbuiCUeYdjOUXn5NUbZ9MSCdIzXU-c4jtSOmLoXOu7Qs0id2YTxCgs3wCpsHnfVMnbHuvFGWOfnTDDK_8r0yKOncCp82Ce9x9jE3X46Pc77CDTNxU3vqhCyVVG8SfJWPceJWrC7_hr4MF-QyzqtdWAfybaWr4Q7eTlWcD_RDMyNYQCr3y21iyd5pC5GFviCWaFNT3fQnlACnkuNPhnyUCfn_GP-BIh-w6Fwof5zidAkT-y9BozDnzbCrCE-9umUsstXgc7XIx96uQSFH2UmfyodwR5c00tw8jPWoxZxJb0RFMMA7kXO3HP40DIMWlbpFxytvDELj3zOUZagOXB-SSxtUEKxwjeLCG8M5hXNfMJ2IoLoMYVDqnd0eF8bLgykr_hbXsQTZMRkBsAvZCMCixFO4bFMwZs8KJckgCHrO_8nAqS42S2surwI1yRbPOXmHIVMu5RIPi_bJXwFGWL3rMo8F5qE13gM2SgHzi6TRg_Ppts54VseNuEyF9QIY0HtBCb1dm-b5MsvDVdruS774LEdwOuNERxmfCeHDHoK-WsIer0LA74P4N6imxRDiONsjoVrENH-1DOQHk-wwXHPcawh-UEVSfW5aLZRpwPzgjTQ&tab=creator-coin']	[]	0	0	3	[]	[]	https://twitter.com/mlitman/status/1374443863721398272	False		0								[]				
1374387499565379590	1374387499565379590	2021-03-23 10:48:09 CDT	2021-03-23	10:48:09	-0500	22682896	charlieshrem	Charlie Shrem		Just setting up my bitclout before someone claims my account!ğŸ’ğŸ™Œ   https://t.co/uj6ubs3KSJ	en	[]	['https://bitclout.com/u/charlieshrem?public_key=BC1YLhU7wdquiFRNNVK7tgCs5h5Dp9dBxb5EmPrpx9owui8G5efZ57C']	[]	8	1	26	[]	[]	https://twitter.com/CharlieShrem/status/1374387499565379590	False		0								[]				
1374272465455652867	1374272465455652867	2021-03-23 03:11:03 CDT	2021-03-23	03:11:03	-0500	46957344	drakebell	Drake Campana ğŸ‡²ğŸ‡½		Just setting up my bitclout ğŸ’ğŸ™Œ   https://t.co/hzZ2YRdioP	en	[]	['https://bitclout.com/u/drakebell?public_key=BC1YLgZF83YSgqnF2HbXCXQXdyBqa4quu6ifJGtoBZJPoo4PqSyXKeK']	[]	8	12	292	[]	[]	https://twitter.com/DrakeBell/status/1374272465455652867	False		0								[]				
1374244694658539520	1374244694658539520	2021-03-23 01:20:42 CDT	2021-03-23	01:20:42	-0500	736784706486734852	realiceposeidon	Ice_Poseidon		Just setting up my #bitclout ğŸ’ğŸ™Œ    https://t.co/JCjcIqOuem	en	[]	['https://bitclout.com/u/realiceposeidon?public_key=BC1YLhjHaCbSNEG6fiSpJZXyK5gVs2RSjqzuCF76DgMozNh3awSWAqV']	[]	13	5	131	['bitclout']	[]	https://twitter.com/REALIcePoseidon/status/1374244694658539520	False		0								[]				
1374001651820994565	1374001651820994565	2021-03-22 09:14:56 CDT	2021-03-22	09:14:56	-0500	44395654	sandi_thom	SANDI THOM		Just setting up my bitclout ğŸ’ğŸ™Œ   https://t.co/wgbbnbJ2jq	en	[]	['https://bitclout.com/u/Sandithom?public_key=BC1YLgSPgKzsUikXP8eXa4UzC7q3HzH4uhENAUzxRUTqLwgz7UNxzMb']	[]	0	0	4	[]	[]	https://twitter.com/Sandi_Thom/status/1374001651820994565	False		0								[]				
1373854597677264898	1373854597677264898	2021-03-21 23:30:35 CDT	2021-03-21	23:30:35	-0500	18094952	seyitaylor	st.		Just setting up my bitclout ğŸ’ğŸ™Œ   https://t.co/CavInm6p1b	en	[]	['https://bitclout.com/u/seyitaylor?public_key=BC1YLhwqZTjN8z3MBfKXPcryh2DZrkz5Ua4KK2BsxCGjNHhpw5YXGpX']	[]	0	2	13	[]	[]	https://twitter.com/seyitaylor/status/1373854597677264898	False		0								[]				
1373824022383763462	1373824022383763462	2021-03-21 21:29:06 CDT	2021-03-21	21:29:06	-0500	657863	kevinrose	KÎvin Râ—se		Just setting up my bitclout ğŸ’ğŸ™Œ, anyone else try this?   https://t.co/AAregCZZUl	en	[]	['https://bitclout.com/u/kevinrose?public_key=BC1YLgkjfnumAwtUNZ1VCdPkcHUsjsz1xyqGdFJHswftKcak2MghjVz']	[]	35	5	97	[]	[]	https://twitter.com/kevinrose/status/1373824022383763462	False		0								[]				
1373711634720567296	1373711634720567296	2021-03-21 14:02:30 CDT	2021-03-21	14:02:30	-0500	158610400	austin_rief	Austin Rief â˜•ï¸		Just setting up my bitclout ğŸ’ğŸ™Œ   https://t.co/Vbld9mAnHd	en	[]	['https://bitclout.com/u/austin_rief?public_key=BC1YLgyd9ywWrdYzzfqAD9PMH4LKiV2wo81QnuV9wg5CuV959ctGBhJ']	[]	5	0	16	[]	[]	https://twitter.com/austin_rief/status/1373711634720567296	False		0								[]				
1373642238874501126	1373642238874501126	2021-03-21 09:26:45 CDT	2021-03-21	09:26:45	-0500	206662545	yoniassia	Yoni Assia		Just setting up my bitclout ğŸ’ğŸ™Œ   https://t.co/8RdoMkoZhc	en	[]	['https://bitclout.com/u/yoniassia?public_key=BC1YLho8QMPvGoWBJBNyHGXRDqSdHsWRnixqAvcyATmPd8Z9GjTZdKj']	[]	6	7	29	[]	[]	https://twitter.com/yoniassia/status/1373642238874501126	False		0								[]				
1372944367187488769	1372944367187488769	2021-03-19 11:13:39 CDT	2021-03-19	11:13:39	-0500	37570179	arrington	Michael Arrington ğŸ´â€â˜ ï¸		Just setting up my bitclout ğŸ’ğŸ™Œ   https://t.co/j25PjgPiiQ	en	[]	['https://bitclout.com/u/arrington?public_key=BC1YLiuEJP1UJtzJsDLKUw4xHqwBcsYzTguofQqgByTbS2AHvzjMo96']	[]	11	2	42	[]	[]	https://twitter.com/arrington/status/1372944367187488769	False		0								[]				
1372898007151153153	1372898007151153153	2021-03-19 08:09:26 CDT	2021-03-19	08:09:26	-0500	811350	alexisohanian	AlexisOhanian.eth 7ï¸âƒ£7ï¸âƒ£6ï¸âƒ£		Just setting up my bitclout ğŸ’ğŸ™Œ   https://t.co/clEHv2JubY	en	[]	['https://bitclout.com/u/alexisohanian?public_key=BC1YLjSFyUaQAj9B6gnoJDJS1zTzu3wX82yL5tSNQpQ5Nrkw2dfu55t']	[]	11	1	49	[]	[]	https://twitter.com/alexisohanian/status/1372898007151153153	False		0								[]				
1372805502137036802	1372805502137036802	2021-03-19 02:01:51 CDT	2021-03-19	02:01:51	-0500	386728215	fluffypony	Riccardo Spagni		Just setting up my bitclout *again* even though I did this already. How hard is it to claim my airdrop???   https://t.co/Q7ghviHr1i	en	[]	['https://bitclout.com/u/fluffypony?public_key=BC1YLgagtXRGrUXVQYWqtK7JSfxz9eNARzFbqLxGu7TJxSGCdg8khLX']	[]	10	1	13	[]	[]	https://twitter.com/fluffypony/status/1372805502137036802	False		0								[]				
1372768982395019264	1372768982395019264	2021-03-18 23:36:44 CDT	2021-03-18	23:36:44	-0500	918711	ourielohayon	Ouriel Ohayon		Just setting up my bitclout ğŸ’ğŸ™Œ   https://t.co/WcMUsZtIbA	en	[]	['https://bitclout.com/u/ourielohayon?public_key=BC1YLgBsrqPqgpQumgmN4UahutBDR8xNHAkqeCSjWomF37GWRw3PTPH']	[]	1	0	5	[]	[]	https://twitter.com/OurielOhayon/status/1372768982395019264	False		0								[]				
1372712499355611136	1372712499355611136	2021-03-18 19:52:18 CDT	2021-03-18	19:52:18	-0500	201436130	haseeb	Haseeb Awan - efani.com		Just setting up my bitclout ğŸ’ğŸ™Œ   https://t.co/At0E0ZEfz8	en	[]	['https://bitclout.com/u/haseeb?public_key=BC1YLjSidjQYMhmJ33xvb1MSLg6u8PfWapveMUB6c3TpAnZE7F3vCH3']	[]	0	0	9	[]	[]	https://twitter.com/haseeb/status/1372712499355611136	False		0								[]				
1372436152968433665	1372436152968433665	2021-03-18 01:34:12 CDT	2021-03-18	01:34:12	-0500	918711	ourielohayon	Ouriel Ohayon		Just setting up my bitclout ğŸ’ğŸ™Œ   https://t.co/yHz3LTtCX9	en	[]	['https://bitclout.com?public_key=BC1YLgBsrqPqgpQumgmN4UahutBDR8xNHAkqeCSjWomF37GWRw3PTPH']	[]	0	0	7	[]	[]	https://twitter.com/OurielOhayon/status/1372436152968433665	False		0								[]				
1372355964842647556	1372355964842647556	2021-03-17 20:15:33 CDT	2021-03-17	20:15:33	-0500	13418552	cyantist	Recall æ¬ºå–„æš´ä¸		Just setting up my bitclout ğŸ’ğŸ™Œ   https://t.co/VJVh9sjetO	en	[]	['https://bitclout.com?public_key=BC1YLhJUpEzMX3vxx8VoMFX76FGH6hAnfi1stPakCbKT77UTUMramTd']	[]	3	0	21	[]	[]	https://twitter.com/cyantist/status/1372355964842647556	False		0								[]				
1372290774054866944	1372290774054866944	2021-03-17 15:56:31 CDT	2021-03-17	15:56:31	-0500	1457305928	marenaltman	âš”ï¸ MAREN âš”ï¸		Just setting up my bitclout    https://t.co/H3brWoaFwg	en	[]	['https://www.sec.gov/']	[]	4	3	142	[]	[]	https://twitter.com/marenaltman/status/1372290774054866944	False		0								[]				
1372283169676742657	1372283169676742657	2021-03-17 15:26:18 CDT	2021-03-17	15:26:18	-0500	14814762	joemccann	Joe McCann â—		Just setting up my bitclout ğŸ’ğŸ™Œ   https://t.co/MVJsjOzuI6	en	[]	['https://bitclout.com?public_key=BC1YLjKNiq4ythDzynxAMqJ17hTi26oqVREQymwzZw7aY2ZoSgQuZ48']	[]	4	0	3	[]	[]	https://twitter.com/joemccann/status/1372283169676742657	False		0								[]				
1372280454502490114	1372280454502490114	2021-03-17 15:15:30 CDT	2021-03-17	15:15:30	-0500	22601929	rickfox	Rick Fox		Just setting up my bitclout ğŸ’ğŸ™Œ   https://t.co/TI1e2fHO4I	en	[]	['https://bitclout.com?public_key=BC1YLfgUB3ycS73RyrurDLmjZ8uM2STyaDDgYBARjLbScB2KEX8uHws']	[]	11	1	33	[]	[]	https://twitter.com/RickFox/status/1372280454502490114	False		0								[]				
